s.no;age;department_name;class_name;clothing_id;alike_feedback_count;rating;recommend_index ;review_text;Analysis;review_1;review_2;review_3;review_4;review_5;review_6;review_7;review_8;review_9;review_10;review_11;review_12
632;60;Tops;Blouses;815;1;5;1;Very soft color and soft to touch. the material is light and airy and it feels great on. i wear a medium and bought the small. i would definitely buy this in another pattern if they made it as cute as the flamingos.;"Final codes: [3, 6, 98]

Analysis:
- ""Very soft color and soft to touch."" → Code 3 (enjoying a characteristic of the product)
- ""the material is light and airy and it feels great on."" → Code 3 (enjoying a characteristic of the product)
- ""i wear a medium and bought the small."" → Code 7 (I had an issue with the size)
- ""i would definitely buy this in another pattern if they made it as cute as the flamingos."" → Code 2 (positive feeling)
- ""if they made it as cute as the flamingos."" → Code 98 (other, expressing a desire for more patterns)";3;6;98;;;;;;;;;
1096;25;Tops;Blouses;815;0;3;0;"The lace on this top is pretty, and i liked the way it was styled in the product photos, but did nothing for me on. between the loose sleeves and the boxy cut of the front, it just sort of hung shapelessly on me. i also found the back to be much shorter than 30.5""--it came to a few inches below my hips and was not tunic length like i expected. the shoulders fit me well, and because the top was boxy already, i didn't want to size up for length. for reference i tried on xs (i'm 5'4"", 120 lbs).";"Final codes: [3, 7, 4]

Analysis:
- ""The lace on this top is pretty"" → Code 3 (enjoying a characteristic of the product)
- ""i liked the way it was styled in the product photos"" → Code 3 (enjoying a characteristic of the product)
- ""but did nothing for me on"" → Code 4 (concern or disappointment about the product or a characteristic)
- ""between the loose sleeves and the boxy cut of the front, it just sort of hung shapelessly on me"" → Code 4 (concern or disappointment about the product or a characteristic)
- ""i also found the back to be much shorter than 30.5"" → Code 4 (concern or disappointment about the product or a characteristic)
- ""it came to a few inches below my hips and was not tunic length like i expected"" → Code 4 (concern or disappointment about the product or a characteristic)
- ""the shoulders fit me well"" → Code 6 (the size is perfect)
- ""and because the top was boxy already, i didn't want to size up for length"" → Code 7 (I had an issue with the size)
- ""for reference i tried on xs (i'm 5'4"", 120 lbs)"" → Code 7 (I had an issue with the size)";3;7;4;;;;;;;;;
1838;37;Tops;Blouses;815;0;5;1;I really love this top! it is soft, lightweight, and really pretty. it has quickly become one of my favorites!;"Final codes: [2, 3, 6]

Analysis:
- ""I really love this top!"" → Code 2 (positive feeling)
- ""it is soft, lightweight, and really pretty"" → Code 3 (enjoying a characteristic of the product)
- ""it has quickly become one of my favorites!"" → Code 6 (the size is perfect, implying a positive experience with the product)";2;3;6;;;;;;;;;
